<?xml version="1.0" encoding="UTF-8"?>
<project-private xmlns="http://www.netbeans.org/ns/project-private/1">
    <editor-bookmarks xmlns="http://www.netbeans.org/ns/editor-bookmarks/2" lastBookmarkId="0"/>
    <open-files xmlns="http://www.netbeans.org/ns/projectui-open-files/2">
        <group>
            <file>file:/C:/Users/Nabila/OneDrive/Documents/uas/src/uas/menuutama.java</file>
            <file>file:/C:/Users/Nabila/OneDrive/Documents/uas/src/uas/penjualan.jrxml</file>
            <file>file:/C:/Users/Nabila/OneDrive/Documents/uas/src/uas/login.java</file>
            <file>file:/C:/Users/Nabila/OneDrive/Documents/uas/src/uas/penjualankendaraan.java</file>
            <file>file:/C:/Users/Nabila/OneDrive/Documents/uas/src/uas/menu_cetak_laporan.java</file>
            <file>file:/C:/Users/Nabila/OneDrive/Documents/uas/src/uas/koneksi.java</file>
        </group>
    </open-files>
</project-private>
